1|https://cdn.mos.cms.futurecdn.net/YMa7Wx2FyjQFUjEeqa72Rm-1200-80.jpg
2|https://images.unsplash.com/photo-1576444074449-952fe7d57468?ixlib=rb-4.0.3&ixid=MnwxMjA3fDB8MHxwaG90by1yZWxhdGVkfDE1fHx8ZW58MHx8fHw%3D&w=1000&q=80
3|https://upload.wikimedia.org/wikipedia/commons/1/17/Masai_Mara_at_Sunset.jpg
4|https://youimg1.tripcdn.com/target/10031f000001gs1oh8DF0.jpg?proc=source%2Ftrip
5|https://cdn-imgix.headout.com/mircobrands-content/image/394334b50a7f6554f057295ccba9b7c9-ruben-hanssen-2dp1Ud5gG2A-unsplash%20(1).jpg
6|https://cdn.mos.cms.futurecdn.net/YMa7Wx2FyjQFUjEeqa72Rm-1200-80.jpg
7|https://www.google.com/imgres?imgurl=https%3A%2F%2Fwww.state.gov%2Fwp-content%2Fuploads%2F2019%2F07%2FAfghanistan-2282x1406.png&tbnid=_SobGWHl72hpvM&vet=12ahUKEwiizOnmx5z-AhVUgf0HHWd0AecQMygAegUIARCyAQ..i&imgrefurl=https%3A%2F%2Fwww.state.gov%2Fcountries-areas%2Fafghanistan%2F&docid=_ylE7tTFvvPQ8M&w=2282&h=1406&q=afghanistan%20pictures&ved=2ahUKEwiizOnmx5z-AhVUgf0HHWd0AecQMygAegUIARCyAQ
8|https://blog.architizer.com/wp-content/uploads/8-59-scaled-1.jpg
9|https://planetofhotels.com/guide/sites/default/files/styles/paragraph__hero_banner__hb_image__1880bp/public/hero_banner/Gullfoss_waterfall.jpg
10|https://example.com/images/tour6-3.jpg
11|https://www.funiceland.is/media/1771/geysir-winter.jpg
12|https://adventures.is/media/14868/northern-lights-iceland-tour-8.jpg
13|https://adventures.is/media/14868/northern-lights-iceland-tour-8.jpg
14|https://blog.architizer.com/wp-content/uploads/8-59-scaled-1.jpg
15|https://blog.architizer.com/wp-content/uploads/8-59-scaled-1.jpg
16|https://adventures.is/media/14868/northern-lights-iceland-tour-8.jpg
17|https://and-jpn.com/wp-content/uploads/2022/05/20220502-dotonbori-0000.webp
18|https://shun-gate.com/wp-content/uploads/2021/05/pic_1_-15.jpg
19|https://idsb.tmgrup.com.tr/ly/uploads/images/2022/06/19/213051.jpg
20|https://upload.wikimedia.org/wikipedia/commons/7/75/Citadel_of_Saladin_2.jpg
21|https://literarytoursegypt.com/wp-content/uploads/2022/08/Khan-El-Khalili-Bazaar-1024x685.jpg
22|https://dynamic-media-cdn.tripadvisor.com/media/photo-o/09/b4/e9/85/sacred-heart-cathedral.jpg?w=1200&h=1200&s=1
23|https://www.fijitimes.com/wp-content/uploads/2021/10/243276635_607518373595848_3350891034813220591_n.jpg
24|https://www.serbia.travel/files/1-Kalemegdan%20%2C%20Beograd%20%2C%20Leto%20%2C%20Pobednik%20%2C%20Shutterstock%20(2)-0-1280x768.jpg
25|https://cdn.britannica.com/57/96057-050-BD18B6F6/Boats-Danube-River-Belgrade-Serbia.jpg
26|https://media.cnn.com/api/v1/images/stellar/prod/230324090551-01-visiting-france-during-protests-what-to-know-top.jpg?c=16x9&q=h_720,w_1280,c_fill
27|https://upload.wikimedia.org/wikipedia/commons/4/4b/La_Tour_Eiffel_vue_de_la_Tour_Saint-Jacques%2C_Paris_ao%C3%BBt_2014_%282%29.jpg
28|https://media.timeout.com/images/105303515/750/422/image.jpg
29|https://www.germany.travel/media/redaktion/content/bundeslaender/berlin/Berlin_Brandenburger_Tor_im_Sonnenuntergang_Leitmotiv_German_Summer_Cities.jpg
30|https://lp-cms-production.imgix.net/2023-03/shutterstock_1879262575.jpg
31|https://media.istockphoto.com/id/880090210/photo/oslo-the-city-in-the-fjord.jpg?s=612x612&w=0&k=20&c=7Du1sW-5UAcJaa1pYeJVGbtrowPgZGRcy34_8e4vbIE=
32|https://cdn.britannica.com/47/83447-050-42342CB1/Nyhavn-Canal-Copenhagen.jpg
33|https://a.cdn-hotels.com/gdcs/production25/d838/57828b2b-53d1-4f8b-9351-ae3410ff9087.jpg
34|https://dynamic-media-cdn.tripadvisor.com/media/photo-o/28/6a/f5/4c/caption.jpg?w=500&h=300&s=1
35|https://deih43ym53wif.cloudfront.net/cibeles-fountain-madrid-spain-shutterstock_556870582_cf4a306a5b.jpeg
36|https://and-jpn.com/wp-content/uploads/2022/05/20220502-dotonbori-0000.webp
37|https://shun-gate.com/wp-content/uploads/2021/05/pic_1_-15.jpg
38|https://idsb.tmgrup.com.tr/ly/uploads/images/2022/06/19/213051.jpg
39|https://upload.wikimedia.org/wikipedia/commons/7/75/Citadel_of_Saladin_2.jpg
40|https://literarytoursegypt.com/wp-content/uploads/2022/08/Khan-El-Khalili-Bazaar-1024x685.jpg
41|https://dynamic-media-cdn.tripadvisor.com/media/photo-o/09/b4/e9/85/sacred-heart-cathedral.jpg?w=1200&h=1200&s=1
42|https://www.fijitimes.com/wp-content/uploads/2021/10/243276635_607518373595848_3350891034813220591_n.jpg
43|https://encrypted-tbn0.gstatic.com/images?q=tbn:ANd9GcTxd_4K7zEAEJ4FadfJMgUW7XOI3sry9VKx8w&usqp=CAU
44|https://encrypted-tbn0.gstatic.com/images?q=tbn:ANd9GcQFZ1B3htjVwVKePFjdkBPeqT5NwZq-TOybCg&usqp=CAU
45|https://encrypted-tbn0.gstatic.com/images?q=tbn:ANd9GcRibDBb_uQ6KdEw9Xfhj-OG2WWpacSmDH4tjg&usqp=CAU
46|https://encrypted-tbn0.gstatic.com/images?q=tbn:ANd9GcRibDBb_uQ6KdEw9Xfhj-OG2WWpacSmDH4tjg&usqp=CAU
47|https://encrypted-tbn0.gstatic.com/images?q=tbn:ANd9GcQFZ1B3htjVwVKePFjdkBPeqT5NwZq-TOybCg&usqp=CAU
48|https://marcopollo.rs/wp-content/uploads/2014/06/IST1_2_Blue_mosqueIstanbul-e1424213748232.jpg
49|https://media.tacdn.com/media/attractions-splice-spp-674x446/06/8e/0a/e1.jpg
50|fdsa
51|slikatest
52|dfsa
53|kdjjd
54|qwdefa
55|e2def
56|https://encrypted-tbn0.gstatic.com/images?q=tbn:ANd9GcTUK1LaBaummJfuW6GIM_kt3R9egIlpqVpEKw&usqp=CAU
57|https://encrypted-tbn0.gstatic.com/images?q=tbn:ANd9GcQHwH1mT6aap9Ad21ZO4Qi931A1fXXo47zirJwsr5EbgabWAS9mk_MMPsWVATJdrgYMZC0&usqp=CAU
58|https://encrypted-tbn0.gstatic.com/images?q=tbn:ANd9GcQHwH1mT6aap9Ad21ZO4Qi931A1fXXo47zirJwsr5EbgabWAS9mk_MMPsWVATJdrgYMZC0&usqp=CAU
59|https://encrypted-tbn0.gstatic.com/images?q=tbn:ANd9GcQu_fpPmbK-bebEeX036y7frmW06amtCkG1ew&usqp=CAU
60|https://encrypted-tbn0.gstatic.com/images?q=tbn:ANd9GcQHwH1mT6aap9Ad21ZO4Qi931A1fXXo47zirJwsr5EbgabWAS9mk_MMPsWVATJdrgYMZC0&usqp=CAU
61|https://encrypted-tbn0.gstatic.com/images?q=tbn:ANd9GcQu_fpPmbK-bebEeX036y7frmW06amtCkG1ew&usqp=CAU
62|imave
63|image
64|https://images.pexels.com/photos/674010/pexels-photo-674010.jpeg?auto=compress&cs=tinysrgb&dpr=1&w=500
65|https://helpx.adobe.com/content/dam/help/en/photoshop/using/convert-color-image-black-white/jcr_content/main-pars/before_and_after/image-before/Landscape-Color.jpg
66|https://helpx.adobe.com/content/dam/help/en/photoshop/using/convert-color-image-black-white/jcr_content/main-pars/before_and_after/image-before/Landscape-Color.jpg
67|https://helpx.adobe.com/content/dam/help/en/photoshop/using/convert-color-image-black-white/jcr_content/main-pars/before_and_after/image-before/Landscape-Color.jpg
68|https://helpx.adobe.com/content/dam/help/en/photoshop/using/convert-color-image-black-white/jcr_content/main-pars/before_and_after/image-before/Landscape-Color.jpg
69|https://helpx.adobe.com/content/dam/help/en/photoshop/using/convert-color-image-black-white/jcr_content/main-pars/before_and_after/image-before/Landscape-Color.jpg
70|https://helpx.adobe.com/content/dam/help/en/photoshop/using/convert-color-image-black-white/jcr_content/main-pars/before_and_after/image-before/Landscape-Color.jpg
71|https://helpx.adobe.com/content/dam/help/en/photoshop/using/convert-color-image-black-white/jcr_content/main-pars/before_and_after/image-before/Landscape-Color.jpg
72|https://helpx.adobe.com/content/dam/help/en/photoshop/using/convert-color-image-black-white/jcr_content/main-pars/before_and_after/image-before/Landscape-Color.jpg
73|https://helpx.adobe.com/content/dam/help/en/photoshop/using/convert-color-image-black-white/jcr_content/main-pars/before_and_after/image-before/Landscape-Color.jpg
74|https://helpx.adobe.com/content/dam/help/en/photoshop/using/convert-color-image-black-white/jcr_content/main-pars/before_and_after/image-before/Landscape-Color.jpg
75|https://helpx.adobe.com/content/dam/help/en/photoshop/using/convert-color-image-black-white/jcr_content/main-pars/before_and_after/image-before/Landscape-Color.jpg
76|https://helpx.adobe.com/content/dam/help/en/photoshop/using/convert-color-image-black-white/jcr_content/main-pars/before_and_after/image-before/Landscape-Color.jpg
77|https://helpx.adobe.com/content/dam/help/en/photoshop/using/convert-color-image-black-white/jcr_content/main-pars/before_and_after/image-before/Landscape-Color.jpg
78|https://helpx.adobe.com/content/dam/help/en/photoshop/using/convert-color-image-black-white/jcr_content/main-pars/before_and_after/image-before/Landscape-Color.jpg
79|https://helpx.adobe.com/content/dam/help/en/photoshop/using/convert-color-image-black-white/jcr_content/main-pars/before_and_after/image-before/Landscape-Color.jpg
80|https://helpx.adobe.com/content/dam/help/en/photoshop/using/convert-color-image-black-white/jcr_content/main-pars/before_and_after/image-before/Landscape-Color.jpg
81|https://helpx.adobe.com/content/dam/help/en/photoshop/using/convert-color-image-black-white/jcr_content/main-pars/before_and_after/image-before/Landscape-Color.jpg
82|https://helpx.adobe.com/content/dam/help/en/photoshop/using/convert-color-image-black-white/jcr_content/main-pars/before_and_after/image-before/Landscape-Color.jpg
83|https://helpx.adobe.com/content/dam/help/en/photoshop/using/convert-color-image-black-white/jcr_content/main-pars/before_and_after/image-before/Landscape-Color.jpg
84|https://helpx.adobe.com/content/dam/help/en/photoshop/using/convert-color-image-black-white/jcr_content/main-pars/before_and_after/image-before/Landscape-Color.jpg
85|https://helpx.adobe.com/content/dam/help/en/photoshop/using/convert-color-image-black-white/jcr_content/main-pars/before_and_after/image-before/Landscape-Color.jpg
86|https://helpx.adobe.com/content/dam/help/en/photoshop/using/convert-color-image-black-white/jcr_content/main-pars/before_and_after/image-before/Landscape-Color.jpg
87|https://helpx.adobe.com/content/dam/help/en/photoshop/using/convert-color-image-black-white/jcr_content/main-pars/before_and_after/image-before/Landscape-Color.jpg
88|https://helpx.adobe.com/content/dam/help/en/photoshop/using/convert-color-image-black-white/jcr_content/main-pars/before_and_after/image-before/Landscape-Color.jpg
89|https://helpx.adobe.com/content/dam/help/en/photoshop/using/convert-color-image-black-white/jcr_content/main-pars/before_and_after/image-before/Landscape-Color.jpg
90|https://helpx.adobe.com/content/dam/help/en/photoshop/using/convert-color-image-black-white/jcr_content/main-pars/before_and_after/image-before/Landscape-Color.jpg
91|https://helpx.adobe.com/content/dam/help/en/photoshop/using/convert-color-image-black-white/jcr_content/main-pars/before_and_after/image-before/Landscape-Color.jpg
92|https://helpx.adobe.com/content/dam/help/en/photoshop/using/convert-color-image-black-white/jcr_content/main-pars/before_and_after/image-before/Landscape-Color.jpg
93|wde
94|dqefdqe
95|image
96|ssss
97|image.jpg
98|IMAGE
99|IMAGE
100|image
101|imageeee
102|imageeee
103|imageeee
104|image.jpg
105|image
106|image
107|data:image/jpeg;base64,/9j/4AAQSkZJRgABAQAAAQABAAD/2wCEAAkGBxMTEhUTExMWFRUWFxgaGBcYGBgZGBYYFxcYGBcaGBgYHSggGB4mHh4eITEhJSkrLi4uGR8zODMsNygwLisBCgoKDg0OGxAQGy0lICUtLS0vListLS0xLy8tNS0tLy0vLy0tNS0vLS0tLSstLS0wLS4tLS0tLy0tLS0tLSsvLf/AABEIAKgBLAMBIgACEQEDEQH/xAAbAAACAgMBAAAAAAAAAAAAAAAFBgMEAAIHAf/EAEMQAAIBAgQFAgQDBQYEBQUAAAECEQMhAAQSMQUGIkFRE2EyQnGBI5GhFFJiscEHM5LR4fAVJILxQ1OistIWF3Kj4v/EABoBAAIDAQEAAAAAAAAAAAAAAAIEAQMFAAb/xAAxEQACAgEDAgUCBQQDAQAAAAABAgARAwQhMRJBEyJRYYEycRQjkbHBodHw8TNCUkP/2gAMAwEAAhEDEQA/AFLNPJpUJ+FfUrE9lTsfq+/0xXFZax9aqQlBT+GrW1kfOw7+w/2RGczijUSf7wjpm/pJamh30iIYnc2Eb4tcFRWYO8lyTpJCuoC76bgACwlZ7RGwUOOluaIzdTV/ntDVHOtU/uqZK/vMdIY+wgsB7kf54mK/T3i98VqFbW8a0v8AK1OqpMeC5gn6DFs0mG5B+gj+pwu1Ax5bYXz+k0jGacbaTjdRjrgSOMbAYnFLHmnEXJqQhcbBTiTTjwrjp000490490Y9C46dNdOMCYlUY9VLkT4P2P8AqDiOqEFuRaMe6MS6MZpxNwSJGExtoPbG8Ymy7gGSs+BOBYwlFmUyhxrowdBp1BcCmQN739sDa6CbbdsCr3CbHUqBMQZXhRbMNVYbQEPtov8AaWYf9Ixd04lSqw2OCLEXUEKDV9t4E53pxlrGwIB97iP5E457jonOAP7I8+U/9wxzvDmk/wCP5mdrv+X4nWWTpH0H8sVygxcrUzAtFhisUwmJotISox4RiXTjzTg4Ei04zTibTizk8qHMFgvudsTBlDTjUjFyvRgkeMV2GOucZAceYlK4804K5FSPGYk0Y8K4651TTGRjaMZiZE54GaJGwtO24P6m/vbBPhDiSoRyIGoKSC/s2kFiv8I+5wZzWWpZapUR8qCQgYanDEASGf4SrTIECLqbAHG78UqEUkpj0qbTZT8KrDufrBAjyCIhrtFrGwiCoFO53+0YMtTmkodALRp0lQANhpa4tjdKIiAMUeWuKLXQgsA4ZrRFiSVA3kAWF5t7SShEYzmBDEGa6MGUMJEacY1xeotNjGJQB4GBJk1B4U+cZgnmKaH4be3ecUmQeccDIMjQx2nHumcbimfY49rZmlTE1CFPYTc/Qbn7Yjr3oQwgreRtSi52xiICJkbx9COx8YXeNcdd4GWbWDuLah7QDfsfYgb4Vq2fzC9LFl6gYII6l0wTP0BwymBmFk1E8mqRDQFzqaZQ43ah1jwVIP1WCP5thZ5f5mLhtVytPbvIFZv5x/ixrzDzDUq6fQOlRHXfuIuIlbE3vv8AKYGKvAydXSYx+KxBOoQi/GaJICEtJuewAgG/eJ/Q+MEfRJEjvhVoZE+sKFOANGtpuBAgT5giR7g+Thg5jz7ZWigVhqaoqyQAFW7NYCwAHvviXQAhV5MFMhKsz8CWlpHGuarJTFze1vckKPzJxUTj9JlVgYE9TbhBoNS5BuQAFI8nvijT4XWzB9WqTSVjK0x8UGACxOx02je52wAQ/wDfYSwuK/L3MJ0c9SdyiuCwmQCDtv8AXE7JjTJ5FKSwov3Pm+5xNGB27SSSRvIimPNOJSuNcTcEQPzcn/KVfbR/71xzcY6ZzUCcpW+i/o6nHNBh3S/QfvM/Wj8wfadg1dA9wP5YrMMWOHtro0j5pofzUHHtXLnCQNGpokWAZUOPIxNox4VxZcrIkcYzG4TGelOOLTgsic4iZcWmokY1YYjqndMqlca6cWGXEbA4K5FSPTjzTjfHmJuRU104yMbYyMTcioh8SzxqemZJK01VpJM6WY3nftgjWz6ooVF6kUqWJDDWxLEgG0SGMwewuAMCCmNmy40hgWJmCNMATNi3kxbzfxh7aZdncxs5OTWxaoKmtjqWPh0idhMxeNiNvOGqv9MIvDeMQ6FxVYfCAAAGOwWVIJjtcxJAGHXJ8SpvoVlKFwxWSCG03MEHx1QYImDthDUI3V1TT0mRSnTPBiQMcWjlTO2Nhk2F4wqXEbCGV4Jx6cviPP8AEBQQO1l16ST2lv8AKcB6/MA1LomwDMDtDItWZ7AAt/h72BJEZuIOR0XYmHVpxjzM8OWsulvr7GNg0br7YHZ/mSjSYK5iQpsD8ygyR2AJj7Ykq805ZFDK86trWHiTsCf3SQY3jEnHk2IE4ZcW4JED57lpaTbs4IBNkUM3knTCi5gC9jt3HZmoVC08zS10j8FQFmdCRtqYDV9DH2x0LK56m1IVmdFQxJ1DRcx8W0TabXwnca5tVXhYYggGQjoF0yyLIvJMTbYTMWvw5cjHpIuornw4kHUDV/MVM1l2y5fQdSVFhXHjWpv4Noj3xHlK7NoQRqDSDtexksLmAO/9MFRnsvXZxUJpLUIMKDCtYCSWiNjsBbAbPZI0qhQ9v1tff3/2cPA+vMzmXuvEKcWzwNesw1N6kKgBhSDBYNETY2Hk+2KvGM4amkawVUQAoOkTOrQp7CyybmN8V8qVDJK9Mw38QJ+lvH548rD1K3V0yb+w9gT42E+2OAA+JJYm/eNHJvAzV/FqkqilTTUQAxFtRBF9rHuR7YeWgAAHa3nb3O+KfAKKrRCopCj95pqGCRLiOmwEDsABaMEtB8Yx9RlLZDfE3NPhCYwBzKpGNdYiRceRtbFquyIsuQo27ySbAAC5JNgBc4TcxXpis4peq7316XJUAW/Ek6RBtEnHYlLzsrDHVxlp1kbTDDqJAvvAJMHvtj1UB28A/mAcc+fXQK1aVQvSVxKgglY2DaT4kA/64KcK5h0VyrN0KLz4p0gtvN9Te+mMXvpmq1NxdNUtgMKh3mCkTlqw/gb9FLf0xyrtjqXGM7OU1EWYMGIYHSSrhhf31L9h2Mjli4v0YIQ36xbXEFxXpOucr5qcrQP8AH+Hp/pi9XrFoGwHjCzyHWdqOkjoQsAfcnUdhvfcnaLdywsuFMo6chEext1YlPtI2pjGunEmnHhXEXOkWnGX7Y3jHunEmQJDVVj3xARgoMhKzqH9cV6uVK7gj62wAccQ2Q8ykRialSGkkkD+uM04zTiw7wBtNadLUYGPHybDG4XGzqTucdvJHTKrUCMaeli1VWMQwMdZkUJzrGpMA3tg3Vy9GiACjVHg6pOkKykoywJ1QQTP084gPEXVeilTSN2FOT2BktPkfmPONHq9JkdNcmDqHEKifCbXMRYTaRF/++CGaz5RFuNZYVLFWIcSG1hTaZi9yJ1DbEmW4jmajR6gT4fkUWcwrG3wyy38POPVFdaK1GUOsshVkB0azKkReCQRB/cI2OCJHepAHoTNsnzTmKaNSbq2CkmWpjZgD83Ta5tvhm5a5lZzoJvZ3b5QG63+kDUB+W8YRM7w6pScU2QqdgTYNcwRO2M4dTZ9VNW0yAY7tDDpA3bzp7lR4wD4UYS3HnyIRuY+c+15yUgND1QBI7AufzthL4jVFIIEYktRQlgQQWuLewTp2BEEHvi/W4o2pKZBqiiz1CNVtSqStwACAdz8xkC2nAnhGR/acwqbBmlj2UXJk9sRhx+GtHjczs+XxGsc7CXeF8L9RfXzDRSAtJMuQ3w7ExuSffBei1MAstOnXuAiKNRBPYB1KoPYDE3GqyIpB9JkpWSmtWlsDGoo6EyTeL41y/GXdjGWPqrOlkJpVKYsAlQkNrUlgApsSYjYYhmLC6hKqoem9/tcjPEczmacFlWmQVNJFUWAZhdgSBAEECDeLjAh2CQtaghVW0sy30yB3SFYxB3wYz3L2aYs1SsC5ILBLBT8XVpHxEmYUMZfUdziLMZXMUypNUh/w4XSAB6ZQhmYfARpUSQrmFBGORkH018SHVz9V/MqZ/gQSka1OWTSApYFbkwS2oCDG0bk98A2fVeZjSLwDtfbsD/TBitxZarCVSnPUzuHquxiAHeZCkdlHc2xpzEtP1F9FEC6ZmmQyk7mIvbwbj8jixSeDK2VTuvEGquNssp9RYEtqGkFdUtNgV7ifrjWlJIABJNgBcn6DFw5B6ZBqU6ihgdoBi5uGBiQCfscddTgpM6twqgUpA1Kh99QVNhcmb9j32HtgPn+cUDaaCCoJjWxKrJ2C26ifsP5hZy/Ds1Xj1NbiJRag+OIZwsT+JpvB6iA3iMF+CcsNpqJVWAzEAg/HTgQVb95SFdTGxYXkxnHFiQlsjX7TUGXI4CoK9zA2dzmazbT0pE6TJQKIIIEkmTcFm8ESLjFrLcOrAKsClUEaUqIppSO4JUBHg/FDSSOrth3o5GihljT9YnqK7F7DWE+VmgEgd43IBxYUU6ixc9RUkgggqSCCN/P2Nt5xW2tA2VdoS6K/MzbxMo8RqqD+0zVpHpYjp09ifTBIMHusbd8KPMnDfRrHSdVOoNaN2ZTe2Oi8U4aRKnqVzECQAB4j3Ij6RewKlzQKWgUlOhqfUF3VpAB0knULXmADB2w5p8gJsd4rqcR6dzx6yLl3NVHKik3WG0+k/VRdPTIGpR1TAMtcXuVtK5mKcOy7QxFtrEi2LnBsyaNZKi7rMTcXBF7++NeJKPWqFZ063iY21GNrflhkbExQ7qL7R6/s9M5Zgflqt9gVQ/znDMac4Uv7NX/AL9Z7IQP8QP9MGc9zNSQHTdVEs/YySqKk93IJBNtILbRjJzIxzMFE18LqMCljCTUcRNTxXyfHPUIXT1kDpXZJG9RjGmey/FFyJMLcpZim8hXViDB0mYPgnafy2wFMpoiWeVhsZAVxmnFh6eI9OJ6oPTNGJAnwMSv1Hqn6m+Kuezi0h1G9v1P/e+PKHE6NXToqKdQkXgxtt5m0b4EqeQJYGH0k7zKiAbYjK4sPTOIimLVO0oYbyIrjMSaDjQrgrg1PCRERiOcSRj2Bjiakjea8xcomq66W02MHfUfSRdvqmo7/Ee5xvkuVm6zUiKgllIkFzTCvbxrl7bkJ4MvGnADiXMdCkQKnqKGmGNNwpj7T+mBGbIfKIr4a8mVTyvQIAJJgMp/iRgRobzANj2hfAx7lOEU8smkQV0gMCBpaFCsxGwnSCfct+8cbZfmnKHeqqHw5Cm31sR7gkYA8zcFqZgB0rNVo2IImoOo3gISJWwFhvJ7nBKXY9LmvvOPSotRcFc45yi8Kno1EQ6rVl1AFYKKp2ErfSZuI9lPMAr6dUN1ESSDJDg7kyYne997Rhq43y/6FNKtMIyKCCwHXq1ASDqBYg2kWBt2GAfEf2msjVCKhojqlvU0kE3e5KzJEwe4gRONHEV6QAdonkuyTK2fpanJQzrGpVWC0lUYgxfu1vKnvhk5ZyLUsqaiKXq1o+EkFKQN+oEQT3gg2wt5KiXSnqA9Nah1HSTBIBCk9ywUgAeO+OgCoKRNSojU8uaY0En4NIEK6I5HVuCpUkmNzgczUtScK23VKGcy4rlKKUlptplarSxChdTszEki11JLbEiO+nGOIpkKfpUEIdXqqzN8T1FQAVdQN49QkT3Gw04E5rj/AK9eo7ylIUyAga9TQHVAzTLzrYkCZ7yL4o5niFJlNRlNWuzO2kg+lSDMTAHzXM+NvGIGMmgePSGctWRz6wxleaXbUEOqGH94YDrpgkkyAS0t1dIEKbWN5ObsvoP4RmGUgkOxd57yJTZRpMgBrCQQOocuKZapUBaFYFuhA1R2+IREBpFpWT4uGjhfB6FZKilNNYFQ6yOghdAMCzJIZhAFoAjSIpy+CN6lmJsp2uI3FM5SJV1y7aJOlm0rrMg1CQAQx7C5Cz3sBHkOGnMPFKnckL6akgKAu9Rj2lZPvPeBjo2a5ZpkUkVYp0zqIEFmKt0bxeDUPjqNsEeHcFVGqNoANQlmAgb/AAIY7AT+Z3nAnWKF8vMMaZi3mnMsvlBksyBmFLqEJAABDEqQCATtMgT7GBti5kuPpRNYpSZ6VQlVWpVEqrAah8Jae0zFxuROCPG+Ha85TaptmNVhsAsrT3ndQrHuNVr4JtymKCPUSn6tUuUpIZKpDEM2o2kLYEmxBPiCbKpALcmSEZTS8QE3N9R366JK2anTViqjdtRIXU/mZAEbYMZfmHMVaeqnSVbsWqMNNJQP3NLEuZO43IMDAEZVdFanUgVaZLq4AkqGLVFWYmLkCw+LDZyVlVZAFLBCT0MlPqvIOpVF7TAFov2OAyrjC2BLMWTIWomK/Gs1mnKln1rslgjODu4CCQuwuQJjfFdOPZylLljcrqLUwAx0nTqMCSV83hR4x1p+FUmf1DTJaIEEQo8BYiPqD98C+NcEBDN8KAEl2Gp1m7aEghiSBveb3IWKV1CGlKiWHGwJPUYkZPnFmlMyikHZ6aw6+IB+LvG0bz2wC42oLmqh6WY6Cu7id2mCL22uVwRz3CerUKZpoxGimepvTEB6lRgYTtbuWAA7kYmYSm9QrT9Siw03ERquhDEEqbWNiQDt2cxqo3URbIzNsx+YORBacYVvi9ksmtSuKQY1NUBNIK6naAB1bAEkkn904843Rp06vp0tUIIZmjrb94AbAgiB/XFvepR07XPeD8TqUS6p/wCKopmCQwBYTpMGGiQCRaZxa4TlfUd2KnprU0EEgKXYoCF7R0gRsAvicUeD0y2YpKO9RPP7wPa/btH1GOl8M4UtMMClVhFIg6DZqd5JAE3j8sUZ864vuZfgwtl+wipmuB9HTTEamA1l/mUV0aQ03SVMfOg8nE3CM3UpMA9F10IgLIEcLKi8BdQE76Tb2scPaUKTxqYW0gAyvwmQLgSbbTtbucD+N5LKswJzJVlkhEqBWJmSLON5i/nthZNT4g6WFxl8HhnqU1LuVzVN0VgR1dr2Pghrqf4T3BHbGteqiAsdgLwpY/YAScIXHMqabk66qMIhppNT13cAop1Le+qWKmN7YP5bnqnFFWprrdW1SQAjKCII93BtvEdzYX0rbFNxCXWLuGFGKXN+eNR1RDqQkuvkBolJWfrBJgRttirQyxdop2pJoXqsWbexW5LNJkbCTaAcW+Jf8zmUMMhdxB9IrJkkjTG4IuAxBktYyDXq04Zz6i0ytRtOpSQwDEMW0KSNTCI26fudNF6UAEy3fqcsZ03hmTPoqGIJ8hwwnwG7/riUcPJ2gwY3BEjfbHO81zg/qrAGiizFQo0ywVwsgQAJa9sHeGcPzNZFRm9LL9IkEeoQqKgF1IAJGsxMltzGM19OV3Y1NNNSrbKLjKMoswWQnwGAj88QVckew/UH+WKCcu0UOkVW7mBWZb+5BE/n+eD2X1U00gJCg+82m5mD9cLEgfSb+IwDfIr5gpcsSYi+PX4a87frgpn87So02q1IAUHpvJI7C5wr0+Yq1Ys1BWFMNpG94Ak7e+LFXI4scStnRDR5hHNcWzeZBFBPTBYqu4ZwArMzXlAJ02k6iB7itlOR9f8Afu7NbUxME2+Bbm3dje8AGxYu9Ckq/CALR+pP8yTiQnADUECl2i/hf+t4lcW5XAAWlQX4lCQgbSARqqMxI1GNgzCSTMgCAJ4fXo1m9B3pUtRBcEGm7BQHGkFdbaiUEBVBCqN7dTV8QZrLI6aWFoiBaxtHt/S3jBrqmUUd5Bwg8Tl/BOZqjHTUopVKgBmULAWmCECgAqd3IAXuTtJUhl8oucWaj1izAFJFOnSSQGSPTBmpBA3kgnYRgtxXKZKkfxnVZJGkC5QmW6FEtq2iIGpo3xSo82pVrLRo0xoZlUl7k+pBB0Ei0SZ6pIvYyWDkLDqxrXvKglGnMW+B5+jllqLVkinWqFUsX1oqpT2sbFzOwKzvAOZ+rXzr+nWJohtLUqYsh17Ox+e19Q8N8O2DGV4QGzOfi5Wg6rMH40AXt2Aj6YYuJcvqaZp29IDUlwrUGUW0tI6Ser2IMSCAptqMasD3MgYXIrtOVZ3gNWkW9RSqr8TBWIBBErIFjBkEwD2sRjOGUFp5imuYSKbEfHKzTYkarfnI8W84deP8xp0/hOUCnVVDAK5S2kQT8xiN+rC7nq4zGWYwmvLtqWC2r0XOkg6p2bSfiMSbDDKZGZfMKlLIqtsZ0DIcMoPRIDEqzFkqCAQDtpi2mCLQOxgHF/L5bLUaqlFAqOCouY09TAXMACGgDaIxz/lbm70afpVB8N0MdJtGlwokTA6xP0N5gr8ferUWqwKqEKsFuSG1hiuxBIcgXsYvhA6fIWIJ2ja5sYUEDedQy+aRuuwBVWFr6T8Bje8nBCgWgkH4tiI8RbCjwrhdXMD9o9etSZidICoFC7KQjBgREQf1w55RCqhWYuQLsYkn7YUyAKaBjSEsLIiDz1U9PMZSofkLN9kamYw900OlR4v9zM/zOFH+0in+CtQWKVAAfZlM/qBhxyzhlB7EDHM141+ZwXzH4ibzdywW/HpDrVYKgD8QGFK38rIj+LBrlnKmnQQFtUAFW9iLCfmIFpgAiDAvg2b2iRjxhgjlYqFM4YwGsTT1MSFkIuWPtaP1ONNGNvTwBIk0YK4nw2g4nSTpJJDANqDA6gfrP32NrYWM7y9q9FHPSG9SqLaXcrUJ1TuF0qqrtEjDxUo/7/XFfM07fYj8xA/qPviBmZODJ8NWFETkHGZymbcUhJ9OF1f+HqTTKwbgLOmdhE7YBu5dizbkk/mSbeN8OVXgHq8TqUmdmBGpmMTdVOx7XiMBeZuF06DKtMNGxYtMxI/MxJ8T4IjXx5Vahe9AzOy4yLPa4P4e2itScfLUQ/kwx1/OV8wF/AKa5Al9UAdzCkT+eOONt9sdiymY1ojjZlVv8QB+p374U1rdPS0Y0q2GWAOJ8BzW/wC01ChnXJUb2ApotM6TMGfMAeQo8Z4bTRmY15cy/wDdMQRAILMqgA3HUABjq5uIa4Igg9wd5wqZjiuSrvUot06jp9XtLKogNdUaA28fD3JOJ02cntt7ASM+Ku+/uTFniXHcvVaoSCRVqA7AEAltUncHQ8W7qMA+ZeENl6sGNDyaZVtQK9oMk22vg1zpwRqBVtICCxbolrgAwkajO8jUbzYThbzWaVxAWOot9zuDG/czeJjGjiAoFeIhlJshuZnA62ivTcto0tOqJiJI/Xt74w59pZgxV2Yn4VkAzMVPiHjSBFziEWNv9zviOBi7a7lPtGzk/lx3/FNMVAUJCnSy7gENBlSVkzYrYwZs1ZXmVaDig9L0qrAguz6hIU+mXNhJt9J2AjHL8lm6lI66bMhESVYrvMbH64b+G8IrZqn+JWTQ66kchdYdjqIYsJ31EkGSBqmMK5sQY252jGHKVFJHfhXOOUqURUdVVxAKFZYsQIVAB1XMQPGCWR5go1fUCIoVSUDjZnIJK2H2naZHbHD8wRTqkU3JCkQwsZgHcbwbSLWkYvZXixSh6W4B1IBsGNxqnfSb6diQvjqpOiXlZb+Kc7GM3NvF3zuZ/ZaYBQVAFjcuNQcgn6xeR0T3w8cN4N6dJEFQppAGkLRgHv8AEpO/kn64SP7OdCmrmapsvTJgyWuTqbvNzt8JJPlhHPVASIYgGAyhoYdjHbxHtirKjfQg2ENMg+pjuYwcP4ilSktUGFZQ17QIkz4jv9MD+B8VqZqq9VTGWWUp2E1WB6qhMSFEQB7mdoALhfDHbJUcuz6BUvUmzCm7M+geGaQv01eIw15amlNFRAFVQAANgBtjOYBOoDfcgfb+5jgBNE+n9ZenC9zXzKmXUoG/FiQoAJja82XzJnb4T2M65EeftjmtbJCrxFAyhFZiwp6YOhQSrVSL6nKkwbxaRIGD0yBmPVwBcHKSAOnkmp7kOB1qkZqoof1JdQCdUgGqjFvfRo3trERAhu4ny8r5jLVkgFWZmgASgUadvDBRHhjg9lEAG0AWAGwC2EY9BmfAsPoN/wBbfbAZNa7G+Of6w006gVEnL1HGdzq0gS5WnABAsoXXcg2v2E4w/wDFFTUWoktJ0N1Mu/SWWNR22822xFWrmlxHMOiBn9AMsyFWdKktp6jtEKCSWjvOFHjVGqn4jV1aSxRQ1RXEkgsqG6jeCTcDGhix9dbDgci+0Uyt0XzyeDUv1+ZNLVKGapWaPhYtpIhka5J3g/T64B8NrCk1VGYkOrISIMgqYJIMG/YE3896IYPAYXG7zJI/ik9hAt4xslMCO+NEKqChEeok2ZrSU2AuTb7nDlwfl06/xV1LAIHqKGjTLBqQlmt2BBj64U1W/b77YaaHMS0KSU6WqowUai5hQ3gR1MB2IK7DFWXqryy7EF7zp2RFOjTjVAEEydR6jA+smw8nE2Q4tSqqXptKggaoMEmIA87jbyO+OONxZ3qNUq1XLNvGm9oi4IAG0AGzHyZPcM5menodsuNKwFRXqLZxOpBcVCxJMwW6t4vjNbRtV3Zj651O3Ajfz9RnJv7Mh/8A2D/PBDluuTQoT3pL9yFUHAniXFqWbydfQbqhLKbMukyCR4kb+3m2K/BON0qOVpM7CdDaVBGolXqSAN5IUYX6H6KrcH+JdYu/aOZqe2NfVxWyeaWqi1KZlWEg+22JSMVBuxhEek3NU+cbq+IIxtjmIEgSkvHKJqtSLhaibqx0n2IncROMXidFwetQQYgkAzYiBN7+NyDipzDwqnXTqC6hsTAaQLaSSIMxjl7O1GrofpZGABYfB1DqIB7Ak27mx74Yw4kzDYyvI5Qx2pT/AMWa1mpf+k6RP5iMa87cLVsvUaDKDWCoj4dgwG+7H8vGBuU4qtLOa0OpRlR1OZDwQ2qZFt7+0wBtXzPOdSs4QkUaROl3EEwTpMFgRsSfsT2xeMOQOpXgAQDlTpIbvEdnx1LlXNTlKBn5AP8ACSsfpjk+m32wWyHMdahSFIHoBa2kbNErqO3zHaQYNxIw3qdMcyBV5uK4M4wsS3pCnOmY01CBUK1CTKioxtuCRphbwbGe0C+FWvVUFWps4YAaiTHV5UiDH1vi/kkbOuy1KrFgrtTEKTUqHsWMDsJJ7Lbxi8vKMalasvqhZamAW0DvqawB3gT2HnF6BcShCd4u7NkYsBsYGo8WdV0jSy36XCsLxtIldgbHcD71zWTSRo6iZ1SAB7BQIA/3tY75fJMapSAY1fH0g7gGxHe+/bviduDvoV1AYlioRZLGL6gOy7ATvI3nF/lEo8xlAmIuDI7Tb2Mj+WLWTyiMuqpVCCbiAWi3UFJGvvYfun2Bq5miUIDRJvYgixI3G9wcFOB0aDVdNd/SUoIIGrqIXSZUEi5Le0RIm0k0LkDc1KOT4i9IMEPxAhgYKspiRpIjtvvj0Z1yZ+hiWg6Tqk32kExMTsMNWf5WoJl2qrVVyEkHUNOrVFyDpuNMDfU97Cw0co1vR9ZgtNJABZrkN8xiYA2jdjYTIxWM2M733qEcbjaSZfmBKtB6WZRmZm1Cqsa9X8UmIsO21o74DiNItcTPg7R9O+Jsnw7WSilqjxKemA2oLOsFSQwMXA73xDVoMka1ZZEgMCCRJHf3BGOIA4hWSN4V4VnGQaXJFEhtUD4gL6QSNz8Pb4jjUcarC1PUqCyqruoUeOlhqPcsbkn7Cfh+S/B9R6iadT/huxGyC+kedQhuxCwTMYzhWYK04WmDBMn0BVk//l9IEe3vgD7Q41cC5fzDVBXzNVkIYsKaMR8UWYg2EACBJgASAIw3vUwLHGglUUMwvpsxim4vTqfQ/K38J9oJkSQYYxMhdjb/AB6V7TYVVUUvzJkYwYie07T2nCfl6LftfqwStwo+erUDoXLXgAadJJsII8DDM+bAJVSGqQDoBveQCfAsb+2Icpl9BLsdVR41HsANlUdlHj6k3OIRui/eSU6q9oYyzkINcSBeNv13+v6DGGdMd4j7nc/1xT9ScSM4IItcd8KkS8CIXHuPDL59qiBah9EIV1CAS83gGSIFvfFHjWYzjq9WslNZRSfw5kS4UEyQPobXHgxJxWimVzqVKp9RWpMXGkXaXChF2USFjxGHDhXFErzRq0tLtTVihIYNTfYhhExsbCCca/ieEqsq2K3Mz/DORmVmo3xOY8Q4HVplxE6GC9I7mRcTMwNXfecDnBSVdWDT3tFyDaL7focdwztREuEBdyOkAS8Se+wE3P8ApgRxzh6tl6r1UT1NNZ+kHf0jTEknqIHeB9MFi1/VXUIL6GvpM5VlkLsFUamJA/MgCT2uQPvhj4FyrVrOpqKyUyQSYF1F2B6gVtaYN8F+QuG0tL1NAdlqQpImFKJb9Thh5g4vWpFBRWmxY6SGIkMdiUkMRtMA2nxiM2qbxPCxjf1M7Fpx0db8e01qUcnlqbqFpGooBKvEuQgHfyFt2mffFdON5BVV9IhtS9I1BGEBgQPIWQYuAT3uBydBs4xaslM1E6WFTUWOkkEJDBVUEEdpOq9pxT4jy9R16KdVaVQqp9LXqgkExc3PbcRO5EnArgX6XY3COU/Uqio0c1Zmh+zmpTpy1SkdNRQQNJFw0EREbEG87TBQ6VWQqzC6tXaZYBZBOxECPG/bF2stehlqlCrpKsZQAK5k6tREwVHTJIO5G84CU6oKg7Qb+87RaBEH8x4wziw9C0DcrbJ1GdQ4Fy/Lh1Io0wAKSLBfSCep2j4iZm5+uHbSPIxzrgPHq5oIFVKch5r1CdMLJZgoXtbcxJ2ucVctVznSRWLEOw06HlollZjF5FwFIK776iMzNgyOxLECo0rBRtOlZtxTUsYt5sPuYt9cLv8A9X5fUUqaqTDcMpI/NZ+s7EEEHA+pw7NVgvqH02kxqL6FWPlVG6mI3Lm9/pjU8oU3SPVBCq3phYsbSSY2BnpAAE3ucL9OFRWRv0hhm7S5zDxUFdNEetUQh9KQwXSZ1EgGDHbv2Bxz/jPEzXZw7atLTTJBBj4WW4m8AgHaNxtghxnlqplS1WnUDBF1gyyNpkCQyECRIgSJvAMYG5moMxTNTWDVpiXUKBqAKqW1CznYz9r7nU0mLGuMFDY9YrmJLb7QfUzTbybLp7fCNgZ3E9se5VTmarh2/EZWKzYFlXVsB3AjsLzNsVlqgEEzEjYAn8jY/f8AXFnj1RKtRTSUTFlpqICD4Z0i7RuZn6WGHlEVJ7yimIqwFpkDvFzjZGxZ4SFavTVyQjMFaGKyD2kXF4wXG8p52hXMcNzKCUy5FIyAT6YKOoanqBvo6oJbclR1AxGZbj9SiatOtLVGKgENoQ20saoBEggLuNhOOg1csiUkRqmhp1DWwdlt57wojUIA3tE4UuN8GymYIbLVh6jMFjqIqBdKO1wdTADUQLmSb4Ux6hcmzDb1oxnJgZN1O/pB3C+KUCGqMVpOTTQKSWWF1STYmCWFzMANvYYMrzbRpFWKrVqIpVXQtpbvZSsCYAkBZK2sBhdo8sFnzEsyilURASLn1KqrLjtCtq7fbFbifLj0QpbU8kyEE6VQ6Xk+dcgDwJ74vKYnaif8r+0oDZEWwJS45nDWqB5mAEAMSAo7x3Yyx7SxucUUpz32g7SADuSRcRbtgpn8ifTpMNPU7LqA0hpCMpYnuQZ9ri0Yt8q0aeoNVRXpN0O2sj0y9kLAwI1Bd5H9GLCrt2i/SWbfvKWTzbQtIdtQMR1qSGKkjsWUQZtPbHUOM5YUsrDdZi4Ya01CANKNIUASAANo+uObZDQmcfTdFdgsRt6gVLn3jDnxnjDZkemlBhQUt6pLKpaFn01J+xPiO0WR1Ss2RKG3JjmnZQjXzwIp1+Doqqy1A9RgrFae6dY1MAIv4W0SLdxFnOGhKYqjSw1rq+KULAtoKuBIt8RFzO/Z95aXJV2DUkCsgA0EhrT/AHinvcwTv8QNiMZziiJQohBb9po7kmeiodzeL7e+B/G1kGOjfvDGkHR12K9oJ4dym+YVKtSVsQKQtC0wtMAHsxiReLX84M5XkamiwXL3kMGKSDtKwb/fDJThQANgI/Q439fGW2uysfKaEcGlxryJzPP82PXpmnWy9NgfGtSD2IMmCPON+F86VaVMJUT1dOzFirEeG6TJHn/vhUFTGeoTjcOnxlemtpmjU5Lu9428P5yVGqu1I66jSSH2UCEW42AH5knvhp4dxEV6a1FtImJBIvaY8iD98cqaofJxHSzDI4dCVYbMDBxTk0aPxsZdi1rJ9W4nUeP8QejR9VWUaSOllJ1zsohhp+t8ZwLjvrUTVdfTVZ1NIZene+4+4j3xz7iXMdWtR9KoFaGDB4hrSLgWO/gffFvgHE2qGhlAfTp6iWIuzN1MTJssH4YFjBuQMV/gfy/NzfPtLhrQcnl4rj3h7OU2/wCK5cvfUmoIQIpwtTSvuQV1T5Nthhk4sKdEpmCIZXgXAHWCHNyABEsex0zvfCfQy1WlxLL06j+ppQ6Gi/p6amkN7i/ntgrzPxKnWpV1VtRp0yoCy3zqajtFlUaQATvDRY3DJjJdAOK7SzG4COTzff1jRRWHNRrse/ZVvCr7Wknub+AKPMOYZstWhTPoN27lWnHnKlWocrl2ck6lVSCPlEhTO5Jgd4vt3xLzJRpmlULidKPFyBZSbgGDfzhMJWWj2P7Ry+rHY7j94g8vcQoU6VSjVzD0wTSdWpgm/pktMbxKqR5HicQcVzFJVWpTq6qhkMsyCAVOtAGb0mJA3M2keMGeGnLIOtFdXylFtIAYtUVvTKgD5yzCe+FrivDqjFqhplTaYRURTuQRqJMC2wNr42kClyeP5mRl6lxjg/btMzvH3asatIemzEEtu2oT52Ek2G8/bFDMB2nWrtULEFmMmVPUIiSbiScWOH0KlZ0HTTVTBewWmLS5g9t58nthv4JQyQk6i5pAuUBZi52vPSxYkXT2GDd1xjYfpKExtkPP6xQy+bqUlbVDArp0tDgXIt+6QSSPva+N8tw+cuKymSrlWB2AhSpj3vvAMGJgw4Zzk5fTqVqwCNpd/SQgJThSVUEgkkXJMxhf4FwKtVotVo1IZX0aBYsHCg9U99QEEfcYAZ0YWp7y7wMiEBhe20q8KylZ3UU0LnVYTZipE3mB27jHSuG80Cn+FmU0VViQg1KLW2mPsTv22wq8u8t5qrTU+saSMzWE2jUGLKIg2sffFv8A+31eW0VAbnqYMCR2kAW+uEdV4GW0dhtHcIdRdS3xbmapWb8OAgUlvUVgsDspWSDO/mPFjXy2QzcLBeosgsWWNLkASrOLiCFMggiQQLAPXK3BKIpEGs1Gqs03UBovBZd7g2Pbf3ONv+CGnqSlm9VMSR6mqQDuJIMif64X6kxJSAV8GHYLVZ/Q/wBqnKuN5irRTSKrhG+SGhZklTqNgTLAGWAPuZE5XIVcwSVVvGrSY1QSAY2sNwCdvM46jzBynVqqBNNoBUE/JJEsocCSRab7LiRctWoBVWmiINiFQwTIJt3i04YXVqqbDeVHD1tudpyvLcNPrmlUqLS0XdiQRAAJ0x8XkR2E49pB6ZL0FlQqp6oUwzMRsH1SZBUFNJ722wzcOy61eIZr1FDACL7boO0RthmTN+mW00kjV6gEEaWMzpvAmWP1Y4vfUldqvYbdpSuAHe695yLMoynqQoSTYjTF7gA7AbY0VyCGUwQQQfBFwcOPOOWNY6ohkoVGt39Ookk+ekn9MJiG2GUfrUGKZF6GInReAZLLZ1jUKVNZFzUcVFMXjcmx7HwDAwUblWmOumxpPPVojRZQLU2BXtNx95vgDyBK6qpEJoiwMM1MkA27xpH2PkHDpTzsgCNye3uTjL1LZUekO009OMbpbDeKnLVQ+tm6NZlarIJgABopkEgbTbb9PEvPeZCpTQv6atUJeGIbTdSQAOqCxaJvA3wDz/GzSzGap04VnqD8QiSpCEQoPct3Nh9YwMzPDaL0nr/ta1WVrq7MjsDJ+aSxJ+neYw0mn/MGVtuNvev6RV9QPDONd+f0uSZni9Bko0yoGitTNSJKsiKFLH5TN4gbb+8OQ41So0Wp6BULFkIgIGpnZiYJdvExptY9g/EfR1L6OrTpWdW4f5h7jEKMoBkEnsQQAPMiDJ8XEe+HxjWq3iByNd7TyjUZW6SVPmSI8XHjfDW/HqdGjTp0NZRSCzxpFRpBZCDMjT4gg3uDgDRNMtTFZSqwZaWJIPUpjxeLb4nzHCnNJal3Moiqo+ENSFW/+Mfk045grVc5CwB6YY4RxzLpmBWRTTJMMgUMTJkMjDZhEERBnYycGOauL0K6Ulp1BP7QhI6gQsOuqGAsLXwlJw3MoQwpuCIIOk7kahBjexP2I9se5uvVcKXURUbUpFMKWMQYIEncfWBih9OjOHvcS9NQyoVI59p2hH/3/v6Y81Y5rytzK9N/TqMfRj5pOg2BM7wTuDYSY2w+ft9Puw9rrsbjvjFy6RsLVzNRM65Rc42WxJqxATuPfGrNj0NTDuTlpG8Y1LAbnEU4wMO1v54mpFyRziPTed8eoRjbVjp02FZtSkmdIgAkkaR8u/w7iB5OGbI83emLUFQEQ6U7U6nadPyNHe4IsRsQqFr49L4hlDbEQlcrwZ03KczZaqAPVKbdDF1g9og6bex8YDc0NVr0NYr02pU51DW2p3kwYiNgLWvq9sJPqH/XG65twHAYw8a/4iJgnv3P54rXAqmxLG1DMKMZOWuGVKVbL1GYotfUAV06oVQ6k6gQJIBHe02x0DiWXR6Z1mo0AmfVI8kWWO8YSa/EqdSnQamSfSq0dViAAQVIE74OZhgUaPB7e2KctlgTL8OykA7SxwAU2qFioP8Ay2XIkIQCRUBIBWJIAE7++CLcFoistamTTIYMVCrpLC0gCNJImSImThQ4HU3Mn+4oj9HwVbMH94/mcV5RTGXYySoh7mTPH9mrsSsem4HTF2UqL6vJwC/szzAFF9rVfE/Inv7YF815wjKsuo9bKNz51f0xDyNWIotePxDN/wCADELiAwnbvOOZjlAvtHDlbif/AC9M6RvUsSRtUcePbB5OMfwL/jP/AMMc84Hmm9BINpqHt3qPi7+2v5/lhbJpkLnbvGUzMVFntHZuLj9wfZ//AOce0uMr/wCW3+Jf8xhJGdbzjxs+/b+v+eK/wqw/FMeK3FlF9FT7Gn/88QPxhWkRUB/6T/JjhQXijxBxJT4i0/8Ab/LE/hlkeM3aD+UM6P8AieYJkhjW7FtqgIsPpjo7ZzLmQVa4/wDKqe/8OOLcsZwpnp31GoPzBP8ATDyeKGfhH5Yb1GEdQ+0WwZ2K/MscX9Ns/RHyVKWYUgqRaFmxGOS1pVmU7qSD9QYx0HPZ4/teTbx6wP3Qf7+2ErmulpzdWNmbWP8ArGo/qThjTLW3t/Jiupcnf3/gR1/s64gPQqU2aNNQMATFmAi31UnDRXZGViWsREq0EA2sQZB+mOV8ncY/Z6sN8FQBTeNJmxPtc/nhg544rpC01DKb9QJBJjaQQPrv472ryae8v3h49TWL7QKc7RpPmhNZm9SKemoyTBYE1CN/a0/TAGr1AuWli20b+5O32w18k5ChUWo9dS0tpA+0kk/f/doZuIcHyVYoxmmE+VUWCJBg+0DTHgnDPiKhqLeGzrc5ZmEANgR5B3U+Me5n4jaNjFrW9gMMXOdCkr6KU6aSIoNpMlj1HewIH2wKzPD1FVKfrqdSyXaQqmCdJIkn6jzi0NYuUkUakdDOepVQ1oZF3BsNPjpvi7keYWo0VpIsfi+ox/eI0hRPiAZ8zgRXpadjPae0iR0nuLb4vcvtlxUnMAsBGlRABMx1E7Ab+8fY8ygjcTlZgdjGzIc8a5p1l1gldIVYDRHxdz4iwI3xc5nSnUTJaRY1wpBAmS0PMd57TgY/M+XAZVUAAk0+kSp3kFR037RG/nGZjiq13yQQmRmELA3gj0932Y7+MKnFTAgV/qNjNakMb/3GLj2SySqTUcIdLLCmGYElmEd99psMc/zPERTYpSqEoNtQViPa4MfQWwxc0cPFWooNVaZLHUWJgrBcsZIECLCB2vfAAcHowPxKjGLlFQrJuIOvxGLMKUvmNyvNkJPlFQJMYxsZjMXxeeYz2xmMx0iSon+uNXbGYzEQjxJshSV6gVyVWGJIuQFUtMd9sF+WOE0MzqV2qK6iekrpKzHcWOMxmByEhSRDxAFhcMZnlCgFOh6muDplljVHzQmw7/64WOMcN/Z/TVjLspZouoGohQLexn649xmKsWRmO8vz4lUGoczNNUyTUhZ1kkdyUq6XI/L7AjB52lJGzLP5jGYzFeT+Zbh7/YRV5f4mRVVAAQyqGJ36FaIv/ucNLG+MxmO1Ci5OkJKm/WBOaG1GmkW0VXP/AE0zpP5ziPlWqEy1V/3WY/kinHmMwVflD4/eB/8AY/P7Qlw1Yo0h/Ap28if64mnGYzC7cmNr9I+0zUMeE4zGYgSWmsjE1BhOMxmInCJfAWjNUz2LkT9QR/XD+FFtv0xmMxfquRFdJ9J+8F8bOh6DR0iqASJJ6gRsBf8A0wB50Qeqjggh0Fx3gm/5Rj3GYPD/ANfmV6jhviLgwbp5ls3XoK+yhVPeQt3Y+5AJxmMw0YosscH40tHLtbVUaoSF7fCt29vbvgnwOlWeczVZriKazA8E6ZsPH3OPMZinKAoNS/CS1XKHOFL8QtPyKf8A1MP9nFPL5O9CtUOsPX0sCZlVK7n3uPtjMZgkPkErcecw3zbwijToaqaaSHG0x1CDv9BgFy8IrqWWREwRPjaR98eYzA42JTeHkUDIKj5Voq6hXVWEbEdsI3E6P7NmR6RnSyugN4NjB8+MZjMDhMPOoqUc7malUmpUYkyYnzMmB2xUv74zGYYEUn//2Q==
108|https://www.shutterstock.com/image-photo/mountains-under-mist-morning-amazing-260nw-1725825019.jpg
109|https://www.freecodecamp.org/news/content/images/2022/04/derick-mckinney-oARTWhz1ACc-unsplash.jpg
110|https://encrypted-tbn0.gstatic.com/images?q=tbn:ANd9GcTfyNtCM2SBewRilvmRiBDM5uPsXV7jb6KeBw&usqp=CAU
111|https://encrypted-tbn0.gstatic.com/images?q=tbn:ANd9GcTkBIy4nua2A6YJPNFdcLDXpuR7bU4NYH53sw&usqp=CAU
112|https://www.w3schools.com/css/img_5terre.jpg
113|https://encrypted-tbn0.gstatic.com/images?q=tbn:ANd9GcSYIavcDE_2Xf8tdPMoYKzMB-heDeIO9eUz1w&usqp=CAU
114|https://encrypted-tbn0.gstatic.com/images?q=tbn:ANd9GcQQ_G9U9095poYEIvtg8fnA2Ef3dcjLEebptQ&usqp=CAU
115|image.jpg
116|image
117|data:image/jpeg;base64,/9j/4AAQSkZJRgABAQAAAQABAAD/2wCEAAoHCBUVFRgVERUYGBgYGBgZGBgYGBgYGhIYGhgZHBoZGBgcIS8lHB4rIRgYJjonKy8xNTU1GiQ7QDs0Py40NTEBDAwMEA8QHhISHjQlJCs0NDE2NDQ0NDQ0NDQ0NDQ1NDQxNDQ0NDQ0NDQ0NDQ0NDQ1NDQ0NDQ0NDQ0NDQ0NDQ0NP/AABEIAKgBLAMBIgACEQEDEQH/xAAcAAABBQEBAQAAAAAAAAAAAAAAAgMEBQYBBwj/xABEEAACAQIDBAYGCAUDAgcAAAABAgADEQQSIQUGMUETIlFhcYEUMkKRobEHI1JygpLB0WKissLwM0PxRNIVFzQ1U2Th/8QAGgEAAgMBAQAAAAAAAAAAAAAAAAECAwUEBv/EAC8RAAICAQMCBAQGAwEAAAAAAAABAhEDBBIhMVETQWGhBSIysRRxgZHR4TNCUhX/2gAMAwEAAhEDEQA/AHJ2KtC05SihMIq05lgBwicyRxFjxtEDRAemQbx0JJBtEZbcICoayTmWPZ+0QVwYBRDKdaOZY9Up8xOE34QCiMi3JjhWSko2h0OY90YUV7XbQR5KdtJOXDgRRpAQoKIBScWTlpczF5BCgoiijFihHkFtI7Ch0RhRg1AWOkWzX4G1p0VbaG0dBQ0uH0EUcPHFqARfS90KCiOaET0MlFxOZxEFEcUJ0YeSQ07mEAI3o8S1MCSXccJ1SIUgoirTvFdDJDWiVflFQEWtTsPOMyViWuPP95GgOjhnDFTloBQm0LRVp20AokZZ3JHss7lkgGOjh0ckWhaAyM62BjGeTa3qnwkILERYZp28S2kRkYwCh68QQzNkpo7sReyAdUdrEkBR4xIRhNPuwF9GRhxfMznmXzEEHwtl8FEo1GZ4o2lyW4ce+VMzxo11HXw9TyUP/STGxUt/t1b9gptf3Wm9lZiNq2NqYv3m9j4Cccdbkl0SOmWnivMz2Gw2JqepRyD7dY5B5IOsZNTYGI51qY7gjH4lpeYDFZwbixFr24G/D5GS5XPV5d1dCUcEK7mTrYDFpwRKo5FGyHzD/pGxg8W3/Tqv3qi/2zYSFj9q0KAvXrIg/jdQT4C9z5Qjq8z4XP6A8EOpRpsfFHi1FPzuf0EfTd1z6+JbwRET4m5lfivpJ2el8ru9uSUz1vAtlEocV9La3+pwpI7XqBT+VVPzlyWsn0TXt9xbcMTaLuvR9t6r/eqMP6bTj7r0h/ptVQ9ocsPMNe889f6WMQfUw9FfEu39wi8P9LNYf6mGpt91nS/vzQ/DavrfuPdi7exsau72IB6tWm/31ZCfHLeMvszFL/so3ejr8msZD2f9KOEe3TJUpHmbCoo8wc38s1mzNuYbEf8Ap66OT7Iaz/kNm+EjLJqsf1L2/gXhYpdDNrs7FH/p/fUQfIx5dk4r7FMdxqH9FmvhKvxuX0H+HgYnE4etTGatSIQcXRg4XvNtQO+0Qrq3qsD4ETcyvr7Gwzm7UUv2hcpP5bS2GvkvqX7EZaZf6syvSkaGdNUzQtu1hj/tkeDuP7pU7W2SuHyMjuUZihVyGynKzAqbX9kjXtl8NZCclGmiqWnlFXZXit1jFCtEsLHxisgnWznoUK0Q9XUQIA4xpFzNe2g4d8EgodL3nbTqoIoLGkNCLTto6FncsAGbTto7lhliAlQnLzhaTAUzRl6kS7yLUeNICTnvpFClImGe7Ad4lqFiaAhihcxzoZKpLFNXpppUcLfhf9ogaIZoyduw+R6lE8/rU8GNnA8GsfxxC1Uf/TYNbjblGr5K1GoOThG71qdT+rIfKc+phuxtFmKW2SZpq6FlYDiQQPMSlTZ1Qm2W3eSLfDjJG1sQ6sFUlRa+htc3MpN698ThVSjSQ1MU6AhALhL8CyrqWOpCjs5c8zDjm6UObO2Ti3z5F1i8dh8FTzYiqqg8z6zkckQanwEw22fpV4rg6Pg9b5imp+beU862xiq1SqzYly9TgxLBrW9kFdBbsGgknYu7eKxTAUKLMObkZUXxY6eXGacNFigt2R2/YpeWT4iP7U3wxuIuKmIbKfZQ9GvmFtfzJlDY8Z6lsv6KdAcViNfsUl4fjb/tmrwW4eAp/wCwHPbUZ3v+EnL8I3rdPj4j7IFinLqeCLTZjZQWPIC5J8BxkqlsfEN6tCqfCm591hPo7CbPpUhajSRB/Aip/SJJvKJfFP8AmPuSWDuz53obm49wGXC1bHtXKfcxBia26OOUXbC1bdylvgs+ioSH/pz/AOUS8Bdz5hxODqUzaojKexlK/ONLUI+Y8e4z6fqUVYWdQw7CAfnKPae5eBrg56CoT7VPqMD29XQ+YMuh8Tg/rRB4X5M8j2Tvzi6FgKzMo9ip9anh1usvk03+xfpLo1Mq4pDTY+2pLoPvC2dfcR3yr2r9E4tfCVzcezWA1/Go0/LMHtrd3FYQ/X0mUX0cdZDrpZhpfuOss26bUdKv9mK5wPomhXV1D03V0YXVlIZWHcRoZA2pimUhFNtLkjidTpfyniO6m28XRqKuDYsznWk1slU2OhBI100IN+Q7D7RsjGDF0s1WhUouhyslRWVkawJyMQMy9/vmfm0rwPd1XuWxnvVLhjFHHOp9YsOxtb+fESVvDSz4ZmXigFRfw6n+XMPOPjZSX4se4kfoJzbdQJhqp/gZR3lhlUDzIEocouSceo6aTsyXrCcZjwHGOrhSOBiuhs3lN1IzrGRTv62scCyQKUCluMKYWM011juWcOnKcNSSSAXaFo2ak4asKEOwjHSw6aFDJGacYxoPO3gIRUMhVGkuoZCqRoBzCN118RLnNKTCjrr4iW76RMBVOpraUu23vUHco+ZP6yxcHiJT7RF3vzIF449QZO3fezP3gH3E/vLLFuWARNXdkCDvzA38AASfCU2ydGYX4j9Zpt2qWZqlRuIfo0/hUKrMR4lv5RKNTk8ODZZijukkX7KDxANuFxwnne9qYzFNUTBYVkXMKVSsVWm+JAuLZms3RDXXgdPCeiwmNhzeFLdVmhKO5UYHdj6OaVEB8YFqvoVUZsiePDOfEW04c5t2KUkJOREQEk9VERRxJ4ACOu4UFmIAAJJOgAAuST2Sn2Rs3/xAricUpOGBvhsOwstUDhiKyn1r8VU6Aa63nRjjk1c/mfH2/IhJxxrgbo7cq1//AG/CVK63t0zsMPRPejMMzj7qyQae1Br6PhW/hGIcN7zTtNkBCakdDhiq23+pQ8su5hl3iFNlp4+hUwjsQA1TK9F216q4herfQ6Nll7LfE4ZKiMlRFdXFmRwGVh2EHjMX6M2zqqUbs2DqtkoszFmwlQ+rQdjq1NvYJ1BGU8QZx6r4elFyx/t/BZDNzUi9hCU+0a1StWXB4ZijsmetVAv6LRva68ukY3CjlYtymbixSyzUI9S+UlFWwxu3lWoaFCm+IrjjSogHo+w1XPVpj7xv3RVPD7VfXosHSH2alSrVYdxKKF900myNlUcNTFLDoFQanmztzZmOrMeZMnTcx6DDFcq36nLLNJ9ODE1Ku0qIzVsHTrIL3OEqkso7RSqhS3gDeStnbToYpWNMhwCVdHWzI2oKVEYXU6HiOU1kzu8m7vTEYjCkUsWg6j26tdedGuB6yNYC/FTYjhYxy6DHJXD5WOOVrryYreH6NsPWJfCn0dzrlAvSb8PFfLTukHY+2sdgKiYbaKNUpkqqVRd7X0AVwOuL+yesOXIHdbH2kuIphwpRgzJUQ+tRqIbOjd4PvBB5yfM16icU8eVbq79V+pdsT+aPASk3kbWgvsmoSe8qjlfjr5S7lJvYh6AOvGnURx4aofLrznwtLIm+5KauDIWSdyC1jMw+26h9oDwA/WIfa9U+37gP0E9HTMs0/RHkYoU7amY9sc54u5/EY22IJ43PiYbQNRtDELl6rKTmGgIJ4GVhxMq6TmLLxpAWBxEQcRIWeczR0BNOInPSJEvCFAXimOiIVY6BICGnEiVBJziRnWNAMISDcaESdhqrMDmJPjIgWS8MnGJgO3lLjLl28Ze5ZU4kXcnvjQCMHo4PlNfuu/UqrzFY+5kQiZIKRNJuw/1lZftLSf4Op/pE5NdG8TZfp3UzSQhCYRolFvIhrGhg1JHpNXI9iQRQRS9axHaqhfxzbogUBVAAAAAGgAGgAHZMjQGbadEH2MJiGHcWq0FPwmvM9DoYKOBPvbOLM7kzD75b1PTdsPhWCFQDWrEBjTJGYIga6g5SCWIIAYWBJJXHYDe+uX+oxru665Hs6v3FWAuPukHvldvsrn0sa5vSKpbty9KSPLLkPhMJslWNamEvfOOHYDc/C80uFSq7ObmVu6o+nt29tLi6IqBcrqxSol79HUABIB5qQVYHmGHA6SRtzZiYnD1MO/B0IB5o3FXHerBWHhMn9Gt82Kt6t6Phnyvfzymn5Wm8lclTaJxdpMx+72ParhkqVdHUMtX+GpTYrU/mVj5yRuFh70GxTi1TGOa7Xtdafq0Uv2KgXzYzPYglKG1gptlrYtl/hL0EqH+Z2m92RSCUKKr6q0qai3YEUCZ+lxRhlyNd/wCy/JJuKIW8u3lwlMMVzOxIp072zsBcktY2VRqWt2AXJAOCffbG57dNQVjqE6K4t2WL5z43HlHvpEqt6ZbjkwyFBb2nermt45E/KJ4i1VixYklibk31vxveaapJNq7OV3JtJ1R9O7q7yDFqyuoStTtnQHMrK18tSmx4qbEWOoIseROhnkX0eVWOKwzNfM9F1bvUoGN/xIhnrsjJU+CcG2uTG46l6PtHq6JjaRYjWwxFDKCRyBamwv25JbSHvkLVMC3MYsr5Ph6+b5CTJgfEoJZU15o7MD+WgkfH0M9J0PtIy+ZBt8ZInGYDU6Aak9gmei48gKc+2LSloZMpUgwuBobkeFzb4SQmF0np8b+RfkZUurKro9Ys0pZDCxw4aSsCuSn1YZJZPQsojXRQAhZIoJJnRTopwAiCnFdHJQpxXRwETwscCwEVeQAacRh1kh400YDSJqPGT8PT1kVOI8ZMR+cTAKhy6kaSuNO5uZMrVMxt2Rpo0AyKYMsdhvbEqPt0WXzR1PyYyNawncC+XE0D2s6++mx+aiUalbsTXoWYuJJmzhAQnnjTKivU6PaGDqH1ai4jDk9jMq1EHmaTDzE2cyO3tnmvRZUbLUUrUpN9iqjBkbwuLHuJlzu5thcVRWpbK6kpWp86FZdHRvA8DzBB5zf+H5VLFt80cmaNSsz2+G6r1KhxGECs7ACrSJC9LlACujHQPlAUhrBgF1Ftclgt08UWtTwXRMeLuaSIo55irMx8FBv3cZ7HCaUZtKjmeNN2VW7uxlwlEUkOZiS7uRY1Ha2ZrchYAAcgoGtpawmY3y2iwRcJhzbEYkMika9BS4VazW4AKSB2sRaVykkm2TS8kU2xaAxGGxLn1cZVxTr3pULU0P5UUzS7m43psFh3PrdGqOOYen1HBH3kaUqq2mFwhFNKKIjVLBynVGWnTVtC+XKxZrgBl0Yt1W8BsevhQxweJdiztUaniAjU6zsbm5VFamWPNTYHXKeeXg1MYTk5urdr+y+UG0q8ifvru++IVatAA1qQYZCQOmptYsgJNg4IBUnTiDbNceWVdhJ0hL4Wt0l9U6Cvq33Qtj4i4PGe4bI2guIoU6ygqHQNlPFD7SN3qQQfCTbzXjOlXU5XBN30MZuRu49JjicSuSoyZEpkgmkhILFyNM7FV0BNgo5kzZwjGMxSUkepVYKiKWZjwVRxMTbbtkklFUjNbzVM+NwVEex02IfuVUNKn72qn8plgJSbDV6r1cbWUq+IyimjetRw6X6NSOTNdnI7WHZLuee1+VTy8dFwduGNRCUu9GIIpCmvGq2Q25JYl/gLfil1M7vOxFSh92r7/q5z4IqWRJ9x5HUGypp4cWjjILRIqRDPPRUZm46F1gYnOBwnGaFjOuLxPRzlNrmOGCBjeWGWLvOXhYCcs7aF4XhYD+adzyJ0kOkioRIZ4gtGS850kYx13sLxJr8wYy76GRxBICWcTzEKla3DmJEnLx0BLbFaeH7ybsKg1aujLotEh3PazKwVB8Se4d8qJotyWH1455kPkUI/tM5dW3HE2i3Ck5JGqtCEj481cn1GTPcevfKBzOnGYKVujRRIMpsbs2qlb0rAsqVyAtRGv0WLUcFqAaqw9lxqOBuJcKDYX1NteVzI1PAItRqvWLsLXLEgDTRRwA0EtxZZYpboun9xShGSpiMJvxQBCY1WwdXmtcdRjYXyV16jL33HhLF96MCFucbhrHgenp6+HW1jDoGFmAI7CLg+RkNtn4ZOsaVFT25EU++004/E+OY8+hzvB2Y3id8umumyqTYhtR0zBkw1M8Ls7AF7fZUG9uMrq2bBKcTWDYh3ZfSa4HWprpYpTHCitz1V1HHXUi1fatMaLma3JVOnv0jR2q3s0m82AlWTUZc3G35e3f8AUsjh2/mTsMyMoemVZX64ZTmD5gOsDzFgPdE47GpQptVqtlRFLMe4ch2k8AOZImZq4EZi2HWrh8xJYUKwVGY8W6NkZQe8KLxeHwa5lfEJVxDIQUatVDhCODLTCqgb+LLfvlP4Xm3ddq5/gnUu3uK3a2vjMJQQYrCtUovmqBqALVcP0jl8lWibFrZj1l1FrETR4fffZzjTF0kPNahNJlI5FXAIMirtZPbDp95dPeLySvR1Neo/fZWnVHXzhxOBVLB6jWI37wYOXDs2Jqckw6NUJ8WAygd5aV5w2IxjrU2gFSkrBqeERs4zDUPiGGjsDqFHVGnGXaoALKAB2AWHuE7Kc3xGU1tgq+4RwJcvkISPTR87FmUoQMihbFTzJbnO0VfM5cqVJGQKDdRzzE8SdJn16l9D8oN7qf1SVBxRxf7r9Qj3lfdL+Q9rYfpKNRObIwHja4+IEljltmmRmri0YRMRc91h7+cFrG8i0nzKD2iLvPRroZdIkLW1N+34TnTam/aLRqctCh8Eii/WPhJGaQqRsf8AO6OZ4CZIzwzyPnnM0Bj5eczxnNOZoAGeGeNwvJCHM05eInLwAWWiQYTsEI404IO9hqbAC5J0A56ztoBwEt90auXEOv26fvKNp8GMqLSbsd8mJonkWKH8SkD42lGpjuxNFmJ7ZI38IQnnTTI+KwufLd3UK2ayNlz24BiNbd07icUiC7m3YOZ8BI+P2iE6qDM55cl8f2lYlIk53OZj28vCdWHBLJ14Q645JNXaFR/UGRftHVj4DlIy4YXu5LHtY3j7EDU6AaknkO+Yjb2/9NLphFFRxpnPqL90cW+A7zNPFp4rhIjKaiuxt1HYI1UxKL6zoviyj5meH7Q25ia5JrVna/sglU8kWw+E9K3cr7G9FodP6L0nRr0mdFzZ7dbMSupvOpYvUoef0NCdo0OHTU/zp+8fp1Vb1GVvukH5Sq6fYP8A9L8i/wDbPNt+nwvpYOzygTo11pXVQ92va3O2XhH4XqLx/Q9gjb4dSbi6ntU2Pwni+z96sZSPUruwB9VznB7utcgeBE2+wvpAp1LJi1FJjpnFzTJ048187jtIlcsTruWRzRfobaljaqev117eDD95Z4TGJUF0OvMHQjxErFYEAg3B1BGoI7QYzUo65kOVhwI/WcGXSRlzHhl1pl3XVyVyMoGbr5lJLL2LYix749IGz8fn6j6OOI+0O0SfM2cZQe2SE+AhCM4vErTRnc2VBc+XId54ecilYjzjowCQDoruvkGInSto/SokrmdSCSzHuLMTb5x0Ithoeeo48PDu+M9Hjb2KuxkzdybRCOmkS9QLYnmQBztc2F+7hJ/o69/w/aJbDL2n3Xtr3SyLV8i5IqmdzR6rQCi4PO3D/wDZHtESFZoXnIQoLC8LwhHQWcE7O2haMRyELQtADqC5HjJJogximOsPEScOz/NP+YDoiPhgwKkXB0I7QYpMPaSS63tcX10vroATp4Ee8Rj05Ownwt+8bdcDpHHQKLngIwmJGdLezWpH+e1v87ZR7c2o7tlyFEQ3F/aPIty7dB8Ze7nYY4pyz2CIyO1hbM4PUUdgupJ8O+UaiTjBt8KicItyVHpJkTaOK6NLj1joo7+3ykuUeNfPVP2U0Hjz+PymFhhvmkaSGsPSy6nVjxMfhCbSSSpA3Z5NvpvS9d3o0mK0UYqbaGsQbEsfs34L5nuptm7vYquM1GizKeDGyqfBmIB8rz12ju7hFc1FoJmZixYjNZjrcBrhfISzl3iJKkijwnJ3JnlFP6PsYePQr4uf7VMeT6OMSfWqUR4Fz/aJ6nCLxJEvBieYf+W+I/8Ampe5/wBo1U+jfEezUonxLr/aZ6pCHiSDwYnjmK3IxycKSuP4GU/A2PwlBiMO6NlqIyN9llKn3GfQUZxWFSquWqiuv2WUMPcZJZX5kXhXkzzz6OdvsHGEqElWBNIn2GALFfukAkdhHfPR5V4Ld7C0X6WlQVXF7MMxy3FjlBNhoSNJbSubTdonCLiqYxiEOjJoy6g/pLnA4kVED8+BHYRx/wA75Wzuyny1HTkwzDxH/J904dXjUo7vNFq5RczP73uclJB7dUX7wis1veBNBM7vav8AoN2VSPzI37TgwU8ivuVZfpZRG45xDVCP87pIZNOEpaO0b4mpQe2hGQ/gBZe/iSPA909DVGWolh0pihWEaxDqilnICjUk2+cYweIFRQ6g5Te1xa9iRe3GxtJIaTJlR7iMWjyrOZZF9QYzlnCsfyzmWNCGcsMseywyxgJywyx/LDLGSoYywyx4rENAKE0x1h4yxooG52+crEfrDjxHDU+UtKdJuf8AndFuSdEkuB/0XuJiThBzX3iTKCaaQekeTMImwK84JDxRTw0IuNNRp5yx3Xpqj4hVUL1qbWAsNU/cH3xAVu2/iBHNkHLiXU+3RRh3lHYH4OJy6xXhZbhdSRoCbC8z2EN1LHixJl5ijZH+43yMpcKOovhODQx5bNDyHoQhNIQQhCACYqEIAEIRMAFQiYqABCEIAEbptlrIe26+8W/WOSPiDZkPY6/MftK8iuDQLqaKU29CXoZvsPTf3OAfgxlzKreZwMNVvxZci97sbKB5zGxtqaruRl9LMNtfbVbDuSaCPSJsjqxF+5jY2bTz5dgx+O2jnxDV0GQlkYC98pUKOPPVfjLXeDHuydBRpOlFPWORlD5Te/DRQRfXUnUzLltZ6LqcCSRY4/HvXfNUYWv1VvZKfh+p4z0DD4ZERVTUKoCnjcDS955jfWbLYmzsSiqQ9NqbgEoSx6rC916tgbHvBji6YSXBfOLCN3jtfQSKXjfUpY5edvGs0M0AHhOxoNFXjoY/aEIRjENI9QwhAYxQ1dATa7AX7LnTnNXSpgWUm7Aant77coQkWBIKCJUr2++EIgFyNhnLYxAq+pTqFz2KxULflqy+OhnITn1P+Jk8X1Iv8St0YdqsPgZRYJrovh+s7CcGh6s0vIfhCE0RBCEIAEIQiAIQhAAhCEACEIRgEj4z1R3MJyEjLoC6mjmE+kIV6rpRw4Y5V6QhWCkEsQGuSNRl0+8YQmTpv8pXl+lmT3h267YdKD50rZvr1KlcyqDlOvJjlNh2HlxyqHthCbv+qOKKLPZ+yHq03q0xfI2ULzewuxU8yLrpz17LHX7s18+HS/FCUP4Tp/KVhCRZJlhi/V85ALQhJx6FUuoZp0GdhJIiOIYuEIwP/9k=
118|c
119|c
120|c
121|c
122|c
123|c
124|c
125|c
